<?xml version="1.0" encoding="UTF-8"?>
<!DOCTYPE mapper PUBLIC "-//mybatis.org//DTD Mapper 3.0//EN" "http://mybatis.org/dtd/mybatis-3-mapper.dtd">
<mapper namespace="egovframework.example.sample.service.impl.memberMapper">

	<insert id="memberSqlInsertMember" parameterType="egovMap">
			INSERT INTO MEMBER
				  ( 	
					userId
				  , userNm
				  , passWd
				  , address
				  , comment
				  )
			VALUES ( 
					#{userId}
				  , #{userNm}
				  , #{passWd}
				  , #{address}
				  , #{comment}
				  )
	</insert>
	
	<!-- <select id="memberSqlSelectMember" resultType="java.util.HashMap">
		SELECT 
			  USERID as 아이디
			, USERNM as 이름
			, ADDRESS as 주소
			, COMMENT as 비고
		FROM MEMBER
			WHERE USERID = #{userId}
	</select> -->

	<select id="memberSqlSelectMember" parameterType="java.util.HashMap" resultType="java.util.HashMap">
			SELECT 
				  USERID as 아이디
				, USERNM as 이름
				, ADDRESS as 주소
				, COMMENT as 비고
			FROM MEMBER
			<where>
				<if test='userId != null'>
					AND USERID LIKE CONCAT('%', #{userId}, '%')
		 		</if>
	 		</where>
	</select>
	
	<select id="memberSqlSelectOneMember" parameterType="java.util.HashMap" resultType="java.util.HashMap">
			SELECT 
				  USERID 
				, USERNM 
				, ADDRESS
				, COMMENT
			FROM MEMBER
				WHERE USERID = #{userId}
			AND PASSWD = #{passWd}
	</select>
	
	<update id="memberSqlUpdateMember" parameterType="java.util.HashMap">
		UPDATE MEMBER SET
			  PASSWD	= #{passWdChk}
			, ADDRESS   = #{address}
			, COMMENT   = #{comment}
		WHERE USERID = #{userId}
			AND PASSWD = #{passWd}
	</update>
	
	<delete id="memberSqlDeleteMember" parameterType="java.util.HashMap">
		DELETE FROM MEMBER WHERE USERID = #{userId} AND PASSWD = #{passWd}
	</delete>
</mapper>